id;context;first_message_date;last_message_date
1;mobile Fish;2019-05-12T22:07:17;2019-05-13T02:27:58
2;Table Computer;2019-05-13T15:26:23;2019-05-13T05:48:43
3;seamless Metal deposit;2019-05-13T15:28:48;2019-05-12T17:33:22
4;parsing red Chips;2019-05-13T12:25:56;2019-05-13T02:00:52
5;Home Loan Account;2019-05-13T16:39:51;2019-05-13T06:28:02
6;intangible;2019-05-13T02:08:58;2019-05-13T07:14:14
7;Gorgeous Frozen Pants;2019-05-13T11:14:50;2019-05-13T05:53:18
8;bluetooth;2019-05-13T12:02:30;2019-05-13T07:39:17
9;Planner Canyon;2019-05-12T20:11:44;2019-05-13T02:15:10
10;Table Small Frozen Sausages Planner;2019-05-12T21:25:57;2019-05-13T07:35:02
